index,Language,Date,Rating,Year
0,Python,2020-01-05,9.7,2020
1,Python,2020-02-04,9.35,2020
2,Python,2020-03-04,10.11,2020
3,Python,2020-04-02,9.31,2020
4,Python,2020-05-02,9.12,2020
5,Python,2020-06-01,8.36,2020
6,Python,2020-07-04,9.09,2020
7,Python,2020-08-02,9.69,2020
8,Python,2020-09-06,10.47,2020
9,Python,2020-10-04,11.28,2020
10,Python,2020-11-03,12.12,2020
11,Python,2020-12-03,12.21,2020
12,Python,2021-01-02,11.72,2021
13,Python,2021-02-06,10.86,2021
14,Python,2021-03-04,10.31,2021
15,Python,2021-04-04,11.03,2021
16,Python,2021-05-02,11.87,2021
17,Python,2021-06-05,11.84,2021
18,Python,2021-07-04,10.96,2021
19,Python,2021-08-03,11.86,2021
20,Python,2021-09-11,11.67,2021
21,Python,2021-10-06,11.27,2021
22,Python,2021-11-06,11.77,2021
23,Python,2021-12-05,12.9,2021
24,Python,2022-01-01,13.58,2022
25,Python,2022-02-02,15.33,2022
26,Python,2022-03-02,14.26,2022
27,Python,2022-04-05,13.92,2022
28,Python,2022-05-03,12.74,2022
29,Python,2022-06-04,12.2,2022
30,Python,2022-07-02,13.44,2022
31,Python,2022-08-02,15.63,2022
32,Python,2022-09-01,15.74,2022
33,Python,2022-10-01,17.08,2022
34,Python,2022-11-01,17.18,2022
35,Python,2022-12-02,16.66,2022
36,Python,2022-12-29,16.36,2022
37,Python,2023-02-01,15.49,2023
38,Python,2023-03-02,14.83,2023
39,Python,2023-04-01,14.51,2023
40,Python,2023-05-02,13.45,2023
41,Python,2023-06-02,12.46,2023
42,Python,2023-07-02,13.42,2023
43,Python,2023-08-04,13.33,2023
44,Python,2023-09-02,14.16,2023
45,Python,2023-10-04,14.82,2023
46,Python,2023-11-02,14.16,2023
47,Python,2023-12-04,13.86,2023
48,Python,2024-01-02,13.97,2024
49,Python,2024-02-02,15.16,2024
50,Python,2024-03-01,15.63,2024
51,Python,2024-04-03,16.41,2024
52,Python,2024-05-01,16.33,2024
53,Python,2024-06-01,15.39,2024
54,Python,2024-07-03,16.12,2024
55,Python,2024-08-01,18.04,2024
56,Python,2024-09-01,20.17,2024
57,Python,2024-10-02,21.9,2024
58,Python,2024-11-01,22.85,2024
59,Python,2024-12-01,23.84,2024
60,Python,2025-01-01,23.28,2025
61,Python,2025-02-01,23.88,2025
62,Python,2025-03-03,23.85,2025
63,Python,2025-04-01,23.08,2025
64,Python,2025-05-02,25.35,2025
65,Python,2025-06-01,25.87,2025
66,Python,2025-07-02,26.98,2025
67,Python,2025-08-02,26.14,2025
68,Python,2025-09-02,25.98,2025
69,Python,2025-10-02,24.45,2025
70,Python,2025-11-01,23.37,2025
71,Python,2025-12-02,23.64,2025
72,C,2020-01-05,15.77,2020
73,C,2020-02-04,16.77,2020
74,C,2020-03-04,16.33,2020
75,C,2020-04-02,16.72,2020
76,C,2020-05-02,17.07,2020
77,C,2020-06-01,17.19,2020
78,C,2020-07-04,16.45,2020
79,C,2020-08-02,16.98,2020
80,C,2020-09-06,15.95,2020
81,C,2020-10-04,16.95,2020
82,C,2020-11-03,16.21,2020
83,C,2020-12-03,16.48,2020
84,C,2021-01-02,17.38,2021
85,C,2021-02-06,16.34,2021
86,C,2021-03-04,15.33,2021
87,C,2021-04-04,14.32,2021
88,C,2021-05-02,13.38,2021
89,C,2021-06-05,12.54,2021
90,C,2021-07-04,11.63,2021
91,C,2021-08-03,12.57,2021
92,C,2021-09-11,11.83,2021
93,C,2021-10-06,11.16,2021
94,C,2021-11-06,10.72,2021
95,C,2021-12-05,11.8,2021
96,C,2022-01-01,12.44,2022
97,C,2022-02-02,14.08,2022
98,C,2022-03-02,13.06,2022
99,C,2022-04-05,12.71,2022
100,C,2022-05-03,11.59,2022
101,C,2022-06-04,11.91,2022
102,C,2022-07-02,13.13,2022
103,C,2022-08-02,14.76,2022
104,C,2022-09-01,13.96,2022
105,C,2022-10-01,15.21,2022
106,C,2022-11-01,15.08,2022
107,C,2022-12-02,16.56,2022
108,C,2022-12-29,16.26,2022
109,C,2023-02-01,15.39,2023
110,C,2023-03-02,14.73,2023
111,C,2023-04-01,14.41,2023
112,C,2023-05-02,13.35,2023
113,C,2023-06-02,12.37,2023
114,C,2023-07-02,11.56,2023
115,C,2023-08-04,11.41,2023
116,C,2023-09-02,11.27,2023
117,C,2023-10-04,12.08,2023
118,C,2023-11-02,11.77,2023
119,C,2023-12-04,11.44,2023
120,C,2024-01-02,11.44,2024
121,C,2024-02-02,10.97,2024
122,C,2024-03-01,11.17,2024
123,C,2024-04-03,10.21,2024
124,C,2024-05-01,9.98,2024
125,C,2024-06-01,9.23,2024
126,C,2024-07-03,9.48,2024
127,C,2024-08-01,9.17,2024
128,C,2024-09-01,8.89,2024
129,C,2024-10-02,8.38,2024
130,C,2024-11-01,9.01,2024
131,C,2024-12-01,9.1,2024
132,C,2025-01-01,8.86,2025
133,C,2025-02-01,9.84,2025
134,C,2025-03-03,9.53,2025
135,C,2025-04-01,9.94,2025
136,C,2025-05-02,9.71,2025
137,C,2025-06-01,9.47,2025
138,C,2025-07-02,9.65,2025
139,C,2025-08-02,9.03,2025
140,C,2025-09-02,8.65,2025
141,C,2025-10-02,9.29,2025
142,C,2025-11-01,9.68,2025
143,C,2025-12-02,10.11,2025
144,C++,2020-01-05,5.57,2020
145,C++,2020-02-04,6.16,2020
146,C++,2020-03-04,6.79,2020
147,C++,2020-04-02,6.78,2020
148,C++,2020-05-02,6.13,2020
149,C++,2020-06-01,5.95,2020
150,C++,2020-07-04,6.21,2020
151,C++,2020-08-02,6.84,2020
152,C++,2020-09-06,7.11,2020
153,C++,2020-10-04,6.94,2020
154,C++,2020-11-03,7.6,2020
155,C++,2020-12-03,6.91,2020
156,C++,2021-01-02,7.56,2021
157,C++,2021-02-06,6.88,2021
158,C++,2021-03-04,6.52,2021
159,C++,2021-04-04,7.14,2021
160,C++,2021-05-02,7.81,2021
161,C++,2021-06-05,7.36,2021
162,C++,2021-07-04,8.02,2021
163,C++,2021-08-03,7.36,2021
164,C++,2021-09-11,7.13,2021
165,C++,2021-10-06,7.5,2021
166,C++,2021-11-06,8.28,2021
167,C++,2021-12-05,7.73,2021
168,C++,2022-01-01,8.29,2022
169,C++,2022-02-02,8.01,2022
170,C++,2022-03-02,8.66,2022
171,C++,2022-04-05,8.28,2022
172,C++,2022-05-03,8.83,2022
173,C++,2022-06-04,9.63,2022
174,C++,2022-07-02,10.0,2022
175,C++,2022-08-02,10.14,2022
176,C++,2022-09-01,9.76,2022
177,C++,2022-10-01,9.92,2022
178,C++,2022-11-01,10.75,2022
179,C++,2022-12-02,11.94,2022
180,C++,2022-12-29,12.91,2022
181,C++,2023-02-01,13.94,2023
182,C++,2023-03-02,13.29,2023
183,C++,2023-04-01,12.96,2023
184,C++,2023-05-02,11.96,2023
185,C++,2023-06-02,11.36,2023
186,C++,2023-07-02,10.8,2023
187,C++,2023-08-04,10.63,2023
188,C++,2023-09-02,10.65,2023
189,C++,2023-10-04,10.67,2023
190,C++,2023-11-02,10.36,2023
191,C++,2023-12-04,10.01,2023
192,C++,2024-01-02,9.96,2024
193,C++,2024-02-02,10.53,2024
194,C++,2024-03-01,10.7,2024
195,C++,2024-04-03,9.76,2024
196,C++,2024-05-01,9.53,2024
197,C++,2024-06-01,10.03,2024
198,C++,2024-07-03,10.34,2024
199,C++,2024-08-01,10.04,2024
200,C++,2024-09-01,10.75,2024
201,C++,2024-10-02,11.6,2024
202,C++,2024-11-01,10.64,2024
203,C++,2024-12-01,10.82,2024
204,C++,2025-01-01,10.29,2025
205,C++,2025-02-01,11.37,2025
206,C++,2025-03-03,11.08,2025
207,C++,2025-04-01,10.33,2025
208,C++,2025-05-02,9.94,2025
209,C++,2025-06-01,10.68,2025
210,C++,2025-07-02,9.8,2025
211,C++,2025-08-02,9.18,2025
212,C++,2025-09-02,8.8,2025
213,C++,2025-10-02,8.84,2025
214,C++,2025-11-01,8.95,2025
215,C++,2025-12-02,8.95,2025
216,Java,2020-01-05,16.9,2020
217,Java,2020-02-04,17.36,2020
218,Java,2020-03-04,17.78,2020
219,Java,2020-04-02,16.73,2020
220,Java,2020-05-02,16.28,2020
221,Java,2020-06-01,16.1,2020
222,Java,2020-07-04,15.1,2020
223,Java,2020-08-02,14.43,2020
224,Java,2020-09-06,13.48,2020
225,Java,2020-10-04,12.56,2020
226,Java,2020-11-03,11.68,2020
227,Java,2020-12-03,12.53,2020
228,Java,2021-01-02,11.96,2021
229,Java,2021-02-06,11.29,2021
230,Java,2021-03-04,10.45,2021
231,Java,2021-04-04,11.23,2021
232,Java,2021-05-02,11.74,2021
233,Java,2021-06-05,11.54,2021
234,Java,2021-07-04,11.2,2021
235,Java,2021-08-03,10.43,2021
236,Java,2021-09-11,11.12,2021
237,Java,2021-10-06,10.46,2021
238,Java,2021-11-06,10.72,2021
239,Java,2021-12-05,10.12,2021
240,Java,2022-01-01,10.66,2022
241,Java,2022-02-02,12.13,2022
242,Java,2022-03-02,11.19,2022
243,Java,2022-04-05,10.82,2022
244,Java,2022-05-03,10.99,2022
245,Java,2022-06-04,10.47,2022
246,Java,2022-07-02,11.59,2022
247,Java,2022-08-02,12.46,2022
248,Java,2022-09-01,11.72,2022
249,Java,2022-10-01,12.84,2022
250,Java,2022-11-01,11.98,2022
251,Java,2022-12-02,11.82,2022
252,Java,2022-12-29,12.21,2022
253,Java,2023-02-01,13.21,2023
254,Java,2023-03-02,13.56,2023
255,Java,2023-04-01,13.23,2023
256,Java,2023-05-02,12.22,2023
257,Java,2023-06-02,11.28,2023
258,Java,2023-07-02,10.5,2023
259,Java,2023-08-04,10.33,2023
260,Java,2023-09-02,9.49,2023
261,Java,2023-10-04,8.92,2023
262,Java,2023-11-02,8.35,2023
263,Java,2023-12-04,7.99,2023
264,Java,2024-01-02,7.87,2024
265,Java,2024-02-02,8.88,2024
266,Java,2024-03-01,8.95,2024
267,Java,2024-04-03,8.94,2024
268,Java,2024-05-01,8.69,2024
269,Java,2024-06-01,8.4,2024
270,Java,2024-07-03,8.59,2024
271,Java,2024-08-01,9.16,2024
272,Java,2024-09-01,9.45,2024
273,Java,2024-10-02,10.51,2024
274,Java,2024-11-01,9.6,2024
275,Java,2024-12-01,9.72,2024
276,Java,2025-01-01,10.15,2025
277,Java,2025-02-01,10.66,2025
278,Java,2025-03-03,10.36,2025
279,Java,2025-04-01,9.63,2025
280,Java,2025-05-02,9.31,2025
281,Java,2025-06-01,8.84,2025
282,Java,2025-07-02,8.76,2025
283,Java,2025-08-02,8.59,2025
284,Java,2025-09-02,8.35,2025
285,Java,2025-10-02,8.35,2025
286,Java,2025-11-01,8.54,2025
287,Java,2025-12-02,8.7,2025
288,C#,2020-01-05,5.35,2020
289,C#,2020-02-04,5.93,2020
290,C#,2020-03-04,5.32,2020
291,C#,2020-04-02,4.74,2020
292,C#,2020-05-02,4.29,2020
293,C#,2020-06-01,4.73,2020
294,C#,2020-07-04,5.25,2020
295,C#,2020-08-02,4.68,2020
296,C#,2020-09-06,4.58,2020
297,C#,2020-10-04,4.16,2020
298,C#,2020-11-03,4.67,2020
299,C#,2020-12-03,4.2,2020
300,C#,2021-01-02,3.95,2021
301,C#,2021-02-06,4.44,2021
302,C#,2021-03-04,4.97,2021
303,C#,2021-04-04,4.91,2021
304,C#,2021-05-02,4.41,2021
305,C#,2021-06-05,4.33,2021
306,C#,2021-07-04,4.84,2021
307,C#,2021-08-03,5.14,2021
308,C#,2021-09-11,5.78,2021
309,C#,2021-10-06,5.26,2021
310,C#,2021-11-06,6.06,2021
311,C#,2021-12-05,6.4,2021
312,C#,2022-01-01,5.68,2022
313,C#,2022-02-02,5.37,2022
314,C#,2022-03-02,5.92,2022
315,C#,2022-04-05,6.82,2022
316,C#,2022-05-03,6.39,2022
317,C#,2022-06-04,6.12,2022
318,C#,2022-07-02,5.65,2022
319,C#,2022-08-02,5.41,2022
320,C#,2022-09-01,4.88,2022
321,C#,2022-10-01,4.42,2022
322,C#,2022-11-01,4.25,2022
323,C#,2022-12-02,4.92,2022
324,C#,2022-12-29,5.73,2022
325,C#,2023-02-01,6.38,2023
326,C#,2023-03-02,7.17,2023
327,C#,2023-04-01,8.21,2023
328,C#,2023-05-02,7.43,2023
329,C#,2023-06-02,6.71,2023
330,C#,2023-07-02,6.87,2023
331,C#,2023-08-04,7.04,2023
332,C#,2023-09-02,7.31,2023
333,C#,2023-10-04,7.71,2023
334,C#,2023-11-02,7.65,2023
335,C#,2023-12-04,7.3,2023
336,C#,2024-01-02,7.16,2024
337,C#,2024-02-02,7.53,2024
338,C#,2024-03-01,7.54,2024
339,C#,2024-04-03,6.77,2024
340,C#,2024-05-01,6.49,2024
341,C#,2024-06-01,6.65,2024
342,C#,2024-07-03,6.72,2024
343,C#,2024-08-01,6.39,2024
344,C#,2024-09-01,6.08,2024
345,C#,2024-10-02,5.62,2024
346,C#,2024-11-01,4.98,2024
347,C#,2024-12-01,4.87,2024
348,C#,2025-01-01,4.45,2025
349,C#,2025-02-01,4.12,2025
350,C#,2025-03-03,4.87,2025
351,C#,2025-04-01,4.39,2025
352,C#,2025-05-02,4.22,2025
353,C#,2025-06-01,4.69,2025
354,C#,2025-07-02,4.87,2025
355,C#,2025-08-02,5.52,2025
356,C#,2025-09-02,6.38,2025
357,C#,2025-10-02,6.94,2025
358,C#,2025-11-01,7.65,2025
359,C#,2025-12-02,7.26,2025
360,JavaScript,2020-01-05,2.45,2020
361,JavaScript,2020-02-04,2.06,2020
362,JavaScript,2020-03-04,2.05,2020
363,JavaScript,2020-04-02,2.38,2020
364,JavaScript,2020-05-02,2.68,2020
365,JavaScript,2020-06-01,2.27,2020
366,JavaScript,2020-07-04,2.48,2020
367,JavaScript,2020-08-02,2.87,2020
368,JavaScript,2020-09-06,2.54,2020
369,JavaScript,2020-10-04,2.14,2020
370,JavaScript,2020-11-03,2.03,2020
371,JavaScript,2020-12-03,2.35,2020
372,JavaScript,2021-01-02,2.2,2021
373,JavaScript,2021-02-06,2.27,2021
374,JavaScript,2021-03-04,2.11,2021
375,JavaScript,2021-04-04,2.44,2021
376,JavaScript,2021-05-02,2.45,2021
377,JavaScript,2021-06-05,2.33,2021
378,JavaScript,2021-07-04,2.71,2021
379,JavaScript,2021-08-03,2.95,2021
380,JavaScript,2021-09-11,2.55,2021
381,JavaScript,2021-10-06,2.19,2021
382,JavaScript,2021-11-06,2.66,2021
383,JavaScript,2021-12-05,2.3,2021
384,JavaScript,2022-01-01,2.09,2022
385,JavaScript,2022-02-02,1.83,2022
386,JavaScript,2022-03-02,2.09,2022
387,JavaScript,2022-04-05,2.41,2022
388,JavaScript,2022-05-03,2.12,2022
389,JavaScript,2022-06-04,2.09,2022
390,JavaScript,2022-07-02,1.78,2022
391,JavaScript,2022-08-02,2.4,2022
392,JavaScript,2022-09-01,2.82,2022
393,JavaScript,2022-10-01,2.74,2022
394,JavaScript,2022-11-01,2.74,2022
395,JavaScript,2022-12-02,3.19,2022
396,JavaScript,2022-12-29,2.87,2022
397,JavaScript,2023-02-01,2.52,2023
398,JavaScript,2023-03-02,2.17,2023
399,JavaScript,2023-04-01,2.1,2023
400,JavaScript,2023-05-02,2.44,2023
401,JavaScript,2023-06-02,2.82,2023
402,JavaScript,2023-07-02,3.11,2023
403,JavaScript,2023-08-04,3.29,2023
404,JavaScript,2023-09-02,3.3,2023
405,JavaScript,2023-10-04,2.91,2023
406,JavaScript,2023-11-02,3.21,2023
407,JavaScript,2023-12-04,2.9,2023
408,JavaScript,2024-01-02,2.77,2024
409,JavaScript,2024-02-02,3.17,2024
410,JavaScript,2024-03-01,3.38,2024
411,JavaScript,2024-04-03,2.89,2024
412,JavaScript,2024-05-01,3.01,2024
413,JavaScript,2024-06-01,3.32,2024
414,JavaScript,2024-07-03,3.79,2024
415,JavaScript,2024-08-01,3.91,2024
416,JavaScript,2024-09-01,3.92,2024
417,JavaScript,2024-10-02,3.54,2024
418,JavaScript,2024-11-01,3.71,2024
419,JavaScript,2024-12-01,4.61,2024
420,JavaScript,2025-01-01,4.2,2025
421,JavaScript,2025-02-01,3.78,2025
422,JavaScript,2025-03-03,3.46,2025
423,JavaScript,2025-04-01,3.71,2025
424,JavaScript,2025-05-02,3.68,2025
425,JavaScript,2025-06-01,3.21,2025
426,JavaScript,2025-07-02,3.36,2025
427,JavaScript,2025-08-02,3.15,2025
428,JavaScript,2025-09-02,3.22,2025
429,JavaScript,2025-10-02,3.41,2025
430,JavaScript,2025-11-01,3.42,2025
431,JavaScript,2025-12-02,2.96,2025
432,Visual Basic,2020-01-05,0.83,2020
433,Visual Basic,2020-02-04,0.6,2020
434,Visual Basic,2020-03-04,0.77,2020
435,Visual Basic,2020-04-02,4.72,2020
436,Visual Basic,2020-05-02,4.18,2020
437,Visual Basic,2020-06-01,4.69,2020
438,Visual Basic,2020-07-04,5.23,2020
439,Visual Basic,2020-08-02,4.66,2020
440,Visual Basic,2020-09-06,4.12,2020
441,Visual Basic,2020-10-04,3.97,2020
442,Visual Basic,2020-11-03,4.01,2020
443,Visual Basic,2020-12-03,3.92,2020
444,Visual Basic,2021-01-02,3.84,2021
445,Visual Basic,2021-02-06,4.33,2021
446,Visual Basic,2021-03-04,4.85,2021
447,Visual Basic,2021-04-04,4.55,2021
448,Visual Basic,2021-05-02,4.02,2021
449,Visual Basic,2021-06-05,4.01,2021
450,Visual Basic,2021-07-04,4.5,2021
451,Visual Basic,2021-08-03,4.67,2021
452,Visual Basic,2021-09-11,4.62,2021
453,Visual Basic,2021-10-06,5.24,2021
454,Visual Basic,2021-11-06,5.72,2021
455,Visual Basic,2021-12-05,5.4,2021
456,Visual Basic,2022-01-01,4.74,2022
457,Visual Basic,2022-02-02,5.23,2022
458,Visual Basic,2022-03-02,5.77,2022
459,Visual Basic,2022-04-05,5.4,2022
460,Visual Basic,2022-05-03,5.86,2022
461,Visual Basic,2022-06-04,5.42,2022
462,Visual Basic,2022-07-02,4.97,2022
463,Visual Basic,2022-08-02,4.9,2022
464,Visual Basic,2022-09-01,4.39,2022
465,Visual Basic,2022-10-01,3.95,2022
466,Visual Basic,2022-11-01,4.11,2022
467,Visual Basic,2022-12-02,3.94,2022
468,Visual Basic,2022-12-29,4.64,2022
469,Visual Basic,2023-02-01,4.14,2023
470,Visual Basic,2023-03-02,4.75,2023
471,Visual Basic,2023-04-01,4.4,2023
472,Visual Basic,2023-05-02,3.84,2023
473,Visual Basic,2023-06-02,3.34,2023
474,Visual Basic,2023-07-02,2.9,2023
475,Visual Basic,2023-08-04,2.63,2023
476,Visual Basic,2023-09-02,2.22,2023
477,Visual Basic,2023-10-04,2.13,2023
478,Visual Basic,2023-11-02,2.1,2023
479,Visual Basic,2023-12-04,1.82,2023
480,Visual Basic,2024-01-02,1.6,2024
481,Visual Basic,2024-02-02,1.52,2024
482,Visual Basic,2024-03-01,1.42,2024
483,Visual Basic,2024-04-03,1.7,2024
484,Visual Basic,2024-05-01,2.01,2024
485,Visual Basic,2024-06-01,1.66,2024
486,Visual Basic,2024-07-03,2.08,2024
487,Visual Basic,2024-08-01,2.18,2024
488,Visual Basic,2024-09-01,2.7,2024
489,Visual Basic,2024-10-02,2.35,2024
490,Visual Basic,2024-11-01,1.95,2024
491,Visual Basic,2024-12-01,1.96,2024
492,Visual Basic,2025-01-01,2.37,2025
493,Visual Basic,2025-02-01,2.04,2025
494,Visual Basic,2025-03-03,2.52,2025
495,Visual Basic,2025-04-01,2.94,2025
496,Visual Basic,2025-05-02,2.62,2025
497,Visual Basic,2025-06-01,2.2,2025
498,Visual Basic,2025-07-02,1.94,2025
499,Visual Basic,2025-08-02,2.33,2025
500,Visual Basic,2025-09-02,2.84,2025
501,Visual Basic,2025-10-02,3.22,2025
502,Visual Basic,2025-11-01,3.31,2025
503,Visual Basic,2025-12-02,2.81,2025
504,SQL,2020-01-05,1.5,2020
505,SQL,2020-02-04,1.53,2020
506,SQL,2020-03-04,1.83,2020
507,SQL,2020-04-02,2.17,2020
508,SQL,2020-05-02,2.09,2020
509,SQL,2020-06-01,1.73,2020
510,SQL,2020-07-04,1.4,2020
511,SQL,2020-08-02,1.46,2020
512,SQL,2020-09-06,1.76,2020
513,SQL,2020-10-04,1.57,2020
514,SQL,2020-11-03,1.54,2020
515,SQL,2020-12-03,1.53,2020
516,SQL,2021-01-02,1.61,2021
517,SQL,2021-02-06,1.72,2021
518,SQL,2021-03-04,1.87,2021
519,SQL,2021-04-04,1.83,2021
520,SQL,2021-05-02,1.71,2021
521,SQL,2021-06-05,1.88,2021
522,SQL,2021-07-04,1.53,2021
523,SQL,2021-08-03,1.47,2021
524,SQL,2021-09-11,1.8,2021
525,SQL,2021-10-06,2.17,2021
526,SQL,2021-11-06,2.11,2021
527,SQL,2021-12-05,1.79,2021
528,SQL,2022-01-01,1.8,2022
529,SQL,2022-02-02,1.55,2022
530,SQL,2022-03-02,1.85,2022
531,SQL,2022-04-05,2.28,2022
532,SQL,2022-05-03,1.87,2022
533,SQL,2022-06-04,1.94,2022
534,SQL,2022-07-02,1.64,2022
535,SQL,2022-08-02,1.67,2022
536,SQL,2022-09-01,2.01,2022
537,SQL,2022-10-01,1.78,2022
538,SQL,2022-11-01,1.82,2022
539,SQL,2022-12-02,2.22,2022
540,SQL,2022-12-29,2.5,2022
541,SQL,2023-02-01,2.12,2023
542,SQL,2023-03-02,1.95,2023
543,SQL,2023-04-01,1.68,2023
544,SQL,2023-05-02,1.48,2023
545,SQL,2023-06-02,1.47,2023
546,SQL,2023-07-02,1.48,2023
547,SQL,2023-08-04,1.53,2023
548,SQL,2023-09-02,1.44,2023
549,SQL,2023-10-04,1.78,2023
550,SQL,2023-11-02,1.88,2023
551,SQL,2023-12-04,1.61,2023
552,SQL,2024-01-02,1.46,2024
553,SQL,2024-02-02,1.82,2024
554,SQL,2024-03-01,1.92,2024
555,SQL,2024-04-03,1.61,2024
556,SQL,2024-05-01,1.44,2024
557,SQL,2024-06-01,1.75,2024
558,SQL,2024-07-03,2.04,2024
559,SQL,2024-08-01,2.21,2024
560,SQL,2024-09-01,1.94,2024
561,SQL,2024-10-02,1.64,2024
562,SQL,2024-11-01,1.94,2024
563,SQL,2024-12-01,1.99,2024
564,SQL,2025-01-01,2.41,2025
565,SQL,2025-02-01,2.87,2025
566,SQL,2025-03-03,2.57,2025
567,SQL,2025-04-01,2.19,2025
568,SQL,2025-05-02,1.9,2025
569,SQL,2025-06-01,1.55,2025
570,SQL,2025-07-02,1.39,2025
571,SQL,2025-08-02,1.72,2025
572,SQL,2025-09-02,1.86,2025
573,SQL,2025-10-02,1.77,2025
574,SQL,2025-11-01,1.8,2025
575,SQL,2025-12-02,2.1,2025
576,Perl,2020-01-05,0.75,2020
577,Perl,2020-02-04,0.7,2020
578,Perl,2020-03-04,0.91,2020
579,Perl,2020-04-02,0.97,2020
580,Perl,2020-05-02,0.88,2020
581,Perl,2020-06-01,0.82,2020
582,Perl,2020-07-04,0.87,2020
583,Perl,2020-08-02,1.11,2020
584,Perl,2020-09-06,1.3,2020
585,Perl,2020-10-04,1.43,2020
586,Perl,2020-11-03,1.51,2020
587,Perl,2020-12-03,1.2,2020
588,Perl,2021-01-02,1.02,2021
589,Perl,2021-02-06,0.93,2021
590,Perl,2021-03-04,1.15,2021
591,Perl,2021-04-04,0.99,2021
592,Perl,2021-05-02,1.04,2021
593,Perl,2021-06-05,1.18,2021
594,Perl,2021-07-04,0.9,2021
595,Perl,2021-08-03,0.78,2021
596,Perl,2021-09-11,0.78,2021
597,Perl,2021-10-06,0.93,2021
598,Perl,2021-11-06,1.22,2021
599,Perl,2021-12-05,0.96,2021
600,Perl,2022-01-01,0.71,2022
601,Perl,2022-02-02,0.79,2022
602,Perl,2022-03-02,0.57,2022
603,Perl,2022-04-05,0.79,2022
604,Perl,2022-05-03,0.99,2022
605,Perl,2022-06-04,0.76,2022
606,Perl,2022-07-02,0.78,2022
607,Perl,2022-08-02,0.7,2022
608,Perl,2022-09-01,0.72,2022
609,Perl,2022-10-01,0.69,2022
610,Perl,2022-11-01,0.57,2022
611,Perl,2022-12-02,0.78,2022
612,Perl,2022-12-29,0.59,2022
613,Perl,2023-02-01,0.79,2023
614,Perl,2023-03-02,0.58,2023
615,Perl,2023-04-01,0.44,2023
616,Perl,2023-05-02,0.6,2023
617,Perl,2023-06-02,0.63,2023
618,Perl,2023-07-02,0.65,2023
619,Perl,2023-08-04,0.68,2023
620,Perl,2023-09-02,0.73,2023
621,Perl,2023-10-04,0.64,2023
622,Perl,2023-11-02,0.59,2023
623,Perl,2023-12-04,0.55,2023
624,Perl,2024-01-02,0.52,2024
625,Perl,2024-02-02,0.63,2024
626,Perl,2024-03-01,0.58,2024
627,Perl,2024-04-03,0.76,2024
628,Perl,2024-05-01,0.58,2024
629,Perl,2024-06-01,0.69,2024
630,Perl,2024-07-03,0.66,2024
631,Perl,2024-08-01,0.91,2024
632,Perl,2024-09-01,0.71,2024
633,Perl,2024-10-02,0.56,2024
634,Perl,2024-11-01,0.68,2024
635,Perl,2024-12-01,0.64,2024
636,Perl,2025-01-01,0.49,2025
637,Perl,2025-02-01,0.49,2025
638,Perl,2025-03-03,0.7,2025
639,Perl,2025-04-01,0.91,2025
640,Perl,2025-05-02,1.2,2025
641,Perl,2025-06-01,1.47,2025
642,Perl,2025-07-02,1.76,2025
643,Perl,2025-08-02,2.08,2025
644,Perl,2025-09-02,2.03,2025
645,Perl,2025-10-02,1.66,2025
646,Perl,2025-11-01,1.84,2025
647,Perl,2025-12-02,1.97,2025
648,R,2020-01-05,0.81,2020
649,R,2020-02-04,1.01,2020
650,R,2020-03-04,1.26,2020
651,R,2020-04-02,1.54,2020
652,R,2020-05-02,1.85,2020
653,R,2020-06-01,2.19,2020
654,R,2020-07-04,2.41,2020
655,R,2020-08-02,2.79,2020
656,R,2020-09-06,2.37,2020
657,R,2020-10-04,1.99,2020
658,R,2020-11-03,1.64,2020
659,R,2020-12-03,1.6,2020
660,R,2021-01-02,1.9,2021
661,R,2021-02-06,1.56,2021
662,R,2021-03-04,1.25,2021
663,R,2021-04-04,1.12,2021
664,R,2021-05-02,1.38,2021
665,R,2021-06-05,1.2,2021
666,R,2021-07-04,1.33,2021
667,R,2021-08-03,1.05,2021
668,R,2021-09-11,0.98,2021
669,R,2021-10-06,1.2,2021
670,R,2021-11-06,1.28,2021
671,R,2021-12-05,1.58,2021
672,R,2022-01-01,1.25,2022
673,R,2022-02-02,1.11,2022
674,R,2022-03-02,1.37,2022
675,R,2022-04-05,1.55,2022
676,R,2022-05-03,1.22,2022
677,R,2022-06-04,0.98,2022
678,R,2022-07-02,0.76,2022
679,R,2022-08-02,0.9,2022
680,R,2022-09-01,0.95,2022
681,R,2022-10-01,1.22,2022
682,R,2022-11-01,1.14,2022
683,R,2022-12-02,1.25,2022
684,R,2022-12-29,1.04,2022
685,R,2023-02-01,1.08,2023
686,R,2023-03-02,0.93,2023
687,R,2023-04-01,0.76,2023
688,R,2023-05-02,0.82,2023
689,R,2023-06-02,0.94,2023
690,R,2023-07-02,0.87,2023
691,R,2023-08-04,0.92,2023
692,R,2023-09-02,0.97,2023
693,R,2023-10-04,0.96,2023
694,R,2023-11-02,0.93,2023
695,R,2023-12-04,0.72,2023
696,R,2024-01-02,0.74,2024
697,R,2024-02-02,0.99,2024
698,R,2024-03-01,0.81,2024
699,R,2024-04-03,0.84,2024
700,R,2024-05-01,0.75,2024
701,R,2024-06-01,0.96,2024
702,R,2024-07-03,0.83,2024
703,R,2024-08-01,1.11,2024
704,R,2024-09-01,1.2,2024
705,R,2024-10-02,1.09,2024
706,R,2024-11-01,1.02,2024
707,R,2024-12-01,1.05,2024
708,R,2025-01-01,1.0,2025
709,R,2025-02-01,1.06,2025
710,R,2025-03-03,0.94,2025
711,R,2025-04-01,1.19,2025
712,R,2025-05-02,1.46,2025
713,R,2025-06-01,1.39,2025
714,R,2025-07-02,1.25,2025
715,R,2025-08-02,1.37,2025
716,R,2025-09-02,1.43,2025
717,R,2025-10-02,1.52,2025
718,R,2025-11-01,1.67,2025
719,R,2025-12-02,1.96,2025
720,Delphi/Object Pascal,2020-01-05,9.7,2020
721,Delphi/Object Pascal,2020-02-04,9.35,2020
722,Delphi/Object Pascal,2020-03-04,10.11,2020
723,Delphi/Object Pascal,2020-04-02,9.31,2020
724,Delphi/Object Pascal,2020-05-02,9.12,2020
725,Delphi/Object Pascal,2020-06-01,8.36,2020
726,Delphi/Object Pascal,2020-07-04,9.09,2020
727,Delphi/Object Pascal,2020-08-02,9.69,2020
728,Delphi/Object Pascal,2020-09-06,10.47,2020
729,Delphi/Object Pascal,2020-10-04,11.28,2020
730,Delphi/Object Pascal,2020-11-03,12.12,2020
731,Delphi/Object Pascal,2020-12-03,12.21,2020
732,Delphi/Object Pascal,2021-01-02,11.72,2021
733,Delphi/Object Pascal,2021-02-06,10.86,2021
734,Delphi/Object Pascal,2021-03-04,10.31,2021
735,Delphi/Object Pascal,2021-04-04,11.03,2021
736,Delphi/Object Pascal,2021-05-02,11.87,2021
737,Delphi/Object Pascal,2021-06-05,11.84,2021
738,Delphi/Object Pascal,2021-07-04,10.96,2021
739,Delphi/Object Pascal,2021-08-03,11.86,2021
740,Delphi/Object Pascal,2021-09-11,11.67,2021
741,Delphi/Object Pascal,2021-10-06,11.27,2021
742,Delphi/Object Pascal,2021-11-06,11.77,2021
743,Delphi/Object Pascal,2021-12-05,12.9,2021
744,Delphi/Object Pascal,2022-01-01,13.58,2022
745,Delphi/Object Pascal,2022-02-02,15.33,2022
746,Delphi/Object Pascal,2022-03-02,14.26,2022
747,Delphi/Object Pascal,2022-04-05,13.92,2022
748,Delphi/Object Pascal,2022-05-03,12.74,2022
749,Delphi/Object Pascal,2022-06-04,12.2,2022
750,Delphi/Object Pascal,2022-07-02,13.44,2022
751,Delphi/Object Pascal,2022-08-02,15.63,2022
752,Delphi/Object Pascal,2022-09-01,15.74,2022
753,Delphi/Object Pascal,2022-10-01,17.08,2022
754,Delphi/Object Pascal,2022-11-01,17.18,2022
755,Delphi/Object Pascal,2022-12-02,16.66,2022
756,Delphi/Object Pascal,2022-12-29,16.36,2022
757,Delphi/Object Pascal,2023-02-01,15.49,2023
758,Delphi/Object Pascal,2023-03-02,14.83,2023
759,Delphi/Object Pascal,2023-04-01,14.51,2023
760,Delphi/Object Pascal,2023-05-02,13.45,2023
761,Delphi/Object Pascal,2023-06-02,12.46,2023
762,Delphi/Object Pascal,2023-07-02,13.42,2023
763,Delphi/Object Pascal,2023-08-04,13.33,2023
764,Delphi/Object Pascal,2023-09-02,14.16,2023
765,Delphi/Object Pascal,2023-10-04,14.82,2023
766,Delphi/Object Pascal,2023-11-02,14.16,2023
767,Delphi/Object Pascal,2023-12-04,13.86,2023
768,Delphi/Object Pascal,2024-01-02,13.97,2024
769,Delphi/Object Pascal,2024-02-02,15.16,2024
770,Delphi/Object Pascal,2024-03-01,15.63,2024
771,Delphi/Object Pascal,2024-04-03,16.41,2024
772,Delphi/Object Pascal,2024-05-01,16.33,2024
773,Delphi/Object Pascal,2024-06-01,15.39,2024
774,Delphi/Object Pascal,2024-07-03,16.12,2024
775,Delphi/Object Pascal,2024-08-01,18.04,2024
776,Delphi/Object Pascal,2024-09-01,20.17,2024
777,Delphi/Object Pascal,2024-10-02,21.9,2024
778,Delphi/Object Pascal,2024-11-01,22.85,2024
779,Delphi/Object Pascal,2024-12-01,23.84,2024
780,Delphi/Object Pascal,2025-01-01,23.28,2025
781,Delphi/Object Pascal,2025-02-01,23.88,2025
782,Delphi/Object Pascal,2025-03-03,23.85,2025
783,Delphi/Object Pascal,2025-04-01,23.08,2025
784,Delphi/Object Pascal,2025-05-02,25.35,2025
785,Delphi/Object Pascal,2025-06-01,25.87,2025
786,Delphi/Object Pascal,2025-07-02,26.98,2025
787,Delphi/Object Pascal,2025-08-02,26.14,2025
788,Delphi/Object Pascal,2025-09-02,25.98,2025
789,Delphi/Object Pascal,2025-10-02,24.45,2025
790,Delphi/Object Pascal,2025-11-01,23.37,2025
791,Delphi/Object Pascal,2025-12-02,23.64,2025
792,Fortran,2020-01-05,0.31,2020
793,Fortran,2020-02-04,0.23,2020
794,Fortran,2020-03-04,0.29,2020
795,Fortran,2020-04-02,0.33,2020
796,Fortran,2020-05-02,0.32,2020
797,Fortran,2020-06-01,0.27,2020
798,Fortran,2020-07-04,0.22,2020
799,Fortran,2020-08-02,0.31,2020
800,Fortran,2020-09-06,0.36,2020
801,Fortran,2020-10-04,0.38,2020
802,Fortran,2020-11-03,0.41,2020
803,Fortran,2020-12-03,0.45,2020
804,Fortran,2021-01-02,0.46,2021
805,Fortran,2021-02-06,0.63,2021
806,Fortran,2021-03-04,0.83,2021
807,Fortran,2021-04-04,0.91,2021
808,Fortran,2021-05-02,0.83,2021
809,Fortran,2021-06-05,1.07,2021
810,Fortran,2021-07-04,1.12,2021
811,Fortran,2021-08-03,1.14,2021
812,Fortran,2021-09-11,1.01,2021
813,Fortran,2021-10-06,1.08,2021
814,Fortran,2021-11-06,1.19,2021
815,Fortran,2021-12-05,1.04,2021
816,Fortran,2022-01-01,0.77,2022
817,Fortran,2022-02-02,0.58,2022
818,Fortran,2022-03-02,0.39,2022
819,Fortran,2022-04-05,0.35,2022
820,Fortran,2022-05-03,0.38,2022
821,Fortran,2022-06-04,0.55,2022
822,Fortran,2022-07-02,0.76,2022
823,Fortran,2022-08-02,0.8,2022
824,Fortran,2022-09-01,1.03,2022
825,Fortran,2022-10-01,0.79,2022
826,Fortran,2022-11-01,0.57,2022
827,Fortran,2022-12-02,0.43,2022
828,Fortran,2022-12-29,0.45,2022
829,Fortran,2023-02-01,0.58,2023
830,Fortran,2023-03-02,0.79,2023
831,Fortran,2023-04-01,0.59,2023
832,Fortran,2023-05-02,0.78,2023
833,Fortran,2023-06-02,0.99,2023
834,Fortran,2023-07-02,1.25,2023
835,Fortran,2023-08-04,1.03,2023
836,Fortran,2023-09-02,1.28,2023
837,Fortran,2023-10-04,1.02,2023
838,Fortran,2023-11-02,1.3,2023
839,Fortran,2023-12-04,1.07,2023
840,Fortran,2024-01-02,1.09,2024
841,Fortran,2024-02-02,1.4,2024
842,Fortran,2024-03-01,1.22,2024
843,Fortran,2024-04-03,1.47,2024
844,Fortran,2024-05-01,1.24,2024
845,Fortran,2024-06-01,1.53,2024
846,Fortran,2024-07-03,2.05,2024
847,Fortran,2024-08-01,1.79,2024
848,Fortran,2024-09-01,1.78,2024
849,Fortran,2024-10-02,1.8,2024
850,Fortran,2024-11-01,1.97,2024
851,Fortran,2024-12-01,1.79,2024
852,Fortran,2025-01-01,2.04,2025
853,Fortran,2025-02-01,1.75,2025
854,Fortran,2025-03-03,1.7,2025
855,Fortran,2025-04-01,2.04,2025
856,Fortran,2025-05-02,1.78,2025
857,Fortran,2025-06-01,1.86,2025
858,Fortran,2025-07-02,1.67,2025
859,Fortran,2025-08-02,1.75,2025
860,Fortran,2025-09-02,1.49,2025
861,Fortran,2025-10-02,1.7,2025
862,Fortran,2025-11-01,1.55,2025
863,Fortran,2025-12-02,1.6,2025
864,MATLAB,2020-01-05,0.74,2020
865,MATLAB,2020-02-04,0.79,2020
866,MATLAB,2020-03-04,0.99,2020
867,MATLAB,2020-04-02,0.93,2020
868,MATLAB,2020-05-02,1.17,2020
869,MATLAB,2020-06-01,0.9,2020
870,MATLAB,2020-07-04,0.84,2020
871,MATLAB,2020-08-02,0.86,2020
872,MATLAB,2020-09-06,1.1,2020
873,MATLAB,2020-10-04,1.12,2020
874,MATLAB,2020-11-03,1.1,2020
875,MATLAB,2020-12-03,1.1,2020
876,MATLAB,2021-01-02,1.15,2021
877,MATLAB,2021-02-06,1.06,2021
878,MATLAB,2021-03-04,1.04,2021
879,MATLAB,2021-04-04,0.99,2021
880,MATLAB,2021-05-02,1.23,2021
881,MATLAB,2021-06-05,1.05,2021
882,MATLAB,2021-07-04,0.89,2021
883,MATLAB,2021-08-03,0.98,2021
884,MATLAB,2021-09-11,1.02,2021
885,MATLAB,2021-10-06,1.2,2021
886,MATLAB,2021-11-06,1.17,2021
887,MATLAB,2021-12-05,0.92,2021
888,MATLAB,2022-01-01,0.96,2022
889,MATLAB,2022-02-02,1.03,2022
890,MATLAB,2022-03-02,0.8,2022
891,MATLAB,2022-04-05,0.74,2022
892,MATLAB,2022-05-03,0.82,2022
893,MATLAB,2022-06-04,0.64,2022
894,MATLAB,2022-07-02,0.73,2022
895,MATLAB,2022-08-02,0.88,2022
896,MATLAB,2022-09-01,1.06,2022
897,MATLAB,2022-10-01,1.18,2022
898,MATLAB,2022-11-01,1.02,2022
899,MATLAB,2022-12-02,0.95,2022
900,MATLAB,2022-12-29,0.91,2022
901,MATLAB,2023-02-01,0.99,2023
902,MATLAB,2023-03-02,1.08,2023
903,MATLAB,2023-04-01,0.86,2023
904,MATLAB,2023-05-02,0.88,2023
905,MATLAB,2023-06-02,1.11,2023
906,MATLAB,2023-07-02,1.26,2023
907,MATLAB,2023-08-04,1.05,2023
908,MATLAB,2023-09-02,1.19,2023
909,MATLAB,2023-10-04,1.27,2023
910,MATLAB,2023-11-02,1.15,2023
911,MATLAB,2023-12-04,0.93,2023
912,MATLAB,2024-01-02,0.97,2024
913,MATLAB,2024-02-02,1.26,2024
914,MATLAB,2024-03-01,1.24,2024
915,MATLAB,2024-04-03,1.11,2024
916,MATLAB,2024-05-01,1.06,2024
917,MATLAB,2024-06-01,1.26,2024
918,MATLAB,2024-07-03,1.34,2024
919,MATLAB,2024-08-01,1.72,2024
920,MATLAB,2024-09-01,1.47,2024
921,MATLAB,2024-10-02,1.48,2024
922,MATLAB,2024-11-01,1.28,2024
923,MATLAB,2024-12-01,1.09,2024
924,MATLAB,2025-01-01,1.07,2025
925,MATLAB,2025-02-01,0.98,2025
926,MATLAB,2025-03-03,0.98,2025
927,MATLAB,2025-04-01,1.07,2025
928,MATLAB,2025-05-02,1.02,2025
929,MATLAB,2025-06-01,1.13,2025
930,MATLAB,2025-07-02,1.11,2025
931,MATLAB,2025-08-02,1.19,2025
932,MATLAB,2025-09-02,0.98,2025
933,MATLAB,2025-10-02,1.16,2025
934,MATLAB,2025-11-01,1.38,2025
935,MATLAB,2025-12-02,1.52,2025
936,Ada,2020-01-05,0.26,2020
937,Ada,2020-02-04,0.21,2020
938,Ada,2020-03-04,0.23,2020
939,Ada,2020-04-02,0.28,2020
940,Ada,2020-05-02,0.33,2020
941,Ada,2020-06-01,0.23,2020
942,Ada,2020-07-04,0.28,2020
943,Ada,2020-08-02,0.39,2020
944,Ada,2020-09-06,0.34,2020
945,Ada,2020-10-04,0.35,2020
946,Ada,2020-11-03,0.37,2020
947,Ada,2020-12-03,0.4,2020
948,Ada,2021-01-02,0.4,2021
949,Ada,2021-02-06,0.47,2021
950,Ada,2021-03-04,0.53,2021
951,Ada,2021-04-04,0.49,2021
952,Ada,2021-05-02,0.57,2021
953,Ada,2021-06-05,0.53,2021
954,Ada,2021-07-04,0.48,2021
955,Ada,2021-08-03,0.49,2021
956,Ada,2021-09-11,0.4,2021
957,Ada,2021-10-06,0.42,2021
958,Ada,2021-11-06,0.41,2021
959,Ada,2021-12-05,0.41,2021
960,Ada,2022-01-01,0.34,2022
961,Ada,2022-02-02,0.39,2022
962,Ada,2022-03-02,0.42,2022
963,Ada,2022-04-05,0.37,2022
964,Ada,2022-05-03,0.46,2022
965,Ada,2022-06-04,0.5,2022
966,Ada,2022-07-02,0.38,2022
967,Ada,2022-08-02,0.48,2022
968,Ada,2022-09-01,0.43,2022
969,Ada,2022-10-01,0.38,2022
970,Ada,2022-11-01,0.48,2022
971,Ada,2022-12-02,0.38,2022
972,Ada,2022-12-29,0.46,2022
973,Ada,2023-02-01,0.6,2023
974,Ada,2023-03-02,0.42,2023
975,Ada,2023-04-01,0.55,2023
976,Ada,2023-05-02,0.66,2023
977,Ada,2023-06-02,0.61,2023
978,Ada,2023-07-02,0.77,2023
979,Ada,2023-08-04,0.79,2023
980,Ada,2023-09-02,0.84,2023
981,Ada,2023-10-04,0.77,2023
982,Ada,2023-11-02,0.72,2023
983,Ada,2023-12-04,0.57,2023
984,Ada,2024-01-02,0.62,2024
985,Ada,2024-02-02,0.77,2024
986,Ada,2024-03-01,0.75,2024
987,Ada,2024-04-03,0.74,2024
988,Ada,2024-05-01,0.83,2024
989,Ada,2024-06-01,0.8,2024
990,Ada,2024-07-03,0.78,2024
991,Ada,2024-08-01,0.61,2024
992,Ada,2024-09-01,0.71,2024
993,Ada,2024-10-02,0.73,2024
994,Ada,2024-11-01,0.71,2024
995,Ada,2024-12-01,0.72,2024
996,Ada,2025-01-01,0.65,2025
997,Ada,2025-02-01,0.71,2025
998,Ada,2025-03-03,0.85,2025
999,Ada,2025-04-01,1.09,2025
1000,Ada,2025-05-02,1.42,2025
1001,Ada,2025-06-01,1.7,2025
1002,Ada,2025-07-02,1.77,2025
1003,Ada,2025-08-02,1.52,2025
1004,Ada,2025-09-02,1.27,2025
1005,Ada,2025-10-02,0.98,2025
1006,Ada,2025-11-01,1.23,2025
1007,Ada,2025-12-02,1.49,2025
1008,Go,2020-01-05,0.9,2020
1009,Go,2020-02-04,1.13,2020
1010,Go,2020-03-04,1.28,2020
1011,Go,2020-04-02,1.36,2020
1012,Go,2020-05-02,1.27,2020
1013,Go,2020-06-01,1.02,2020
1014,Go,2020-07-04,1.21,2020
1015,Go,2020-08-02,1.43,2020
1016,Go,2020-09-06,1.46,2020
1017,Go,2020-10-04,1.16,2020
1018,Go,2020-11-03,1.36,2020
1019,Go,2020-12-03,1.14,2020
1020,Go,2021-01-02,1.41,2021
1021,Go,2021-02-06,1.28,2021
1022,Go,2021-03-04,1.31,2021
1023,Go,2021-04-04,1.22,2021
1024,Go,2021-05-02,1.22,2021
1025,Go,2021-06-05,0.95,2021
1026,Go,2021-07-04,1.17,2021
1027,Go,2021-08-03,0.9,2021
1028,Go,2021-09-11,1.13,2021
1029,Go,2021-10-06,1.28,2021
1030,Go,2021-11-06,1.21,2021
1031,Go,2021-12-05,0.95,2021
1032,Go,2022-01-01,1.04,2022
1033,Go,2022-02-02,1.23,2022
1034,Go,2022-03-02,0.98,2022
1035,Go,2022-04-05,1.09,2022
1036,Go,2022-05-03,1.11,2022
1037,Go,2022-06-04,1.02,2022
1038,Go,2022-07-02,1.14,2022
1039,Go,2022-08-02,0.96,2022
1040,Go,2022-09-01,1.16,2022
1041,Go,2022-10-01,1.27,2022
1042,Go,2022-11-01,1.15,2022
1043,Go,2022-12-02,1.15,2022
1044,Go,2022-12-29,1.14,2022
1045,Go,2023-02-01,1.11,2023
1046,Go,2023-03-02,1.24,2023
1047,Go,2023-04-01,1.28,2023
1048,Go,2023-05-02,0.99,2023
1049,Go,2023-06-02,1.0,2023
1050,Go,2023-07-02,1.07,2023
1051,Go,2023-08-04,1.16,2023
1052,Go,2023-09-02,1.19,2023
1053,Go,2023-10-04,1.37,2023
1054,Go,2023-11-02,1.19,2023
1055,Go,2023-12-04,1.03,2023
1056,Go,2024-01-02,1.38,2024
1057,Go,2024-02-02,1.73,2024
1058,Go,2024-03-01,1.56,2024
1059,Go,2024-04-03,1.85,2024
1060,Go,2024-05-01,1.6,2024
1061,Go,2024-06-01,1.93,2024
1062,Go,2024-07-03,2.19,2024
1063,Go,2024-08-01,2.03,2024
1064,Go,2024-09-01,2.35,2024
1065,Go,2024-10-02,2.02,2024
1066,Go,2024-11-01,2.35,2024
1067,Go,2024-12-01,2.17,2024
1068,Go,2025-01-01,2.61,2025
1069,Go,2025-02-01,2.26,2025
1070,Go,2025-03-03,2.78,2025
1071,Go,2025-04-01,3.02,2025
1072,Go,2025-05-02,2.7,2025
1073,Go,2025-06-01,2.28,2025
1074,Go,2025-07-02,2.04,2025
1075,Go,2025-08-02,2.11,2025
1076,Go,2025-09-02,2.32,2025
1077,Go,2025-10-02,1.92,2025
1078,Go,2025-11-01,1.72,2025
1079,Go,2025-12-02,1.37,2025
1080,PHP,2020-01-05,2.41,2020
1081,PHP,2020-02-04,2.02,2020
1082,PHP,2020-03-04,2.02,2020
1083,PHP,2020-04-02,2.37,2020
1084,PHP,2020-05-02,2.49,2020
1085,PHP,2020-06-01,2.26,2020
1086,PHP,2020-07-04,1.9,2020
1087,PHP,2020-08-02,2.24,2020
1088,PHP,2020-09-06,2.49,2020
1089,PHP,2020-10-04,2.09,2020
1090,PHP,2020-11-03,1.79,2020
1091,PHP,2020-12-03,2.12,2020
1092,PHP,2021-01-02,1.99,2021
1093,PHP,2021-02-06,1.75,2021
1094,PHP,2021-03-04,2.07,2021
1095,PHP,2021-04-04,1.84,2021
1096,PHP,2021-05-02,1.86,2021
1097,PHP,2021-06-05,2.21,2021
1098,PHP,2021-07-04,2.58,2021
1099,PHP,2021-08-03,2.19,2021
1100,PHP,2021-09-11,1.85,2021
1101,PHP,2021-10-06,2.1,2021
1102,PHP,2021-11-06,1.81,2021
1103,PHP,2021-12-05,1.5,2021
1104,PHP,2022-01-01,1.4,2022
1105,PHP,2022-02-02,1.79,2022
1106,PHP,2022-03-02,1.92,2022
1107,PHP,2022-04-05,1.64,2022
1108,PHP,2022-05-03,1.52,2022
1109,PHP,2022-06-04,1.25,2022
1110,PHP,2022-07-02,1.2,2022
1111,PHP,2022-08-02,1.36,2022
1112,PHP,2022-09-01,1.68,2022
1113,PHP,2022-10-01,2.04,2022
1114,PHP,2022-11-01,1.69,2022
1115,PHP,2022-12-02,1.62,2022
1116,PHP,2022-12-29,1.39,2022
1117,PHP,2023-02-01,1.29,2023
1118,PHP,2023-03-02,1.61,2023
1119,PHP,2023-04-01,1.36,2023
1120,PHP,2023-05-02,1.59,2023
1121,PHP,2023-06-02,1.74,2023
1122,PHP,2023-07-02,1.41,2023
1123,PHP,2023-08-04,1.27,2023
1124,PHP,2023-09-02,1.55,2023
1125,PHP,2023-10-04,1.9,2023
1126,PHP,2023-11-02,2.3,2023
1127,PHP,2023-12-04,2.01,2023
1128,PHP,2024-01-02,1.79,2024
1129,PHP,2024-02-02,1.51,2024
1130,PHP,2024-03-01,1.32,2024
1131,PHP,2024-04-03,1.09,2024
1132,PHP,2024-05-01,0.97,2024
1133,PHP,2024-06-01,1.22,2024
1134,PHP,2024-07-03,1.15,2024
1135,PHP,2024-08-01,1.46,2024
1136,PHP,2024-09-01,1.46,2024
1137,PHP,2024-10-02,1.21,2024
1138,PHP,2024-11-01,1.47,2024
1139,PHP,2024-12-01,1.39,2024
1140,PHP,2025-01-01,1.38,2025
1141,PHP,2025-02-01,1.14,2025
1142,PHP,2025-03-03,1.48,2025
1143,PHP,2025-04-01,1.31,2025
1144,PHP,2025-05-02,1.22,2025
1145,PHP,2025-06-01,1.25,2025
1146,PHP,2025-07-02,1.28,2025
1147,PHP,2025-08-02,1.27,2025
1148,PHP,2025-09-02,1.25,2025
1149,PHP,2025-10-02,1.38,2025
1150,PHP,2025-11-01,1.31,2025
1151,PHP,2025-12-02,1.36,2025
1152,Rust,2020-01-05,0.39,2020
1153,Rust,2020-02-04,0.35,2020
1154,Rust,2020-03-04,0.37,2020
1155,Rust,2020-04-02,0.52,2020
1156,Rust,2020-05-02,0.7,2020
1157,Rust,2020-06-01,0.64,2020
1158,Rust,2020-07-04,0.7,2020
1159,Rust,2020-08-02,0.74,2020
1160,Rust,2020-09-06,0.92,2020
1161,Rust,2020-10-04,0.68,2020
1162,Rust,2020-11-03,0.58,2020
1163,Rust,2020-12-03,0.78,2020
1164,Rust,2021-01-02,0.61,2021
1165,Rust,2021-02-06,0.49,2021
1166,Rust,2021-03-04,0.55,2021
1167,Rust,2021-04-04,0.49,2021
1168,Rust,2021-05-02,0.66,2021
1169,Rust,2021-06-05,0.47,2021
1170,Rust,2021-07-04,0.49,2021
1171,Rust,2021-08-03,0.56,2021
1172,Rust,2021-09-11,0.57,2021
1173,Rust,2021-10-06,0.53,2021
1174,Rust,2021-11-06,0.54,2021
1175,Rust,2021-12-05,0.45,2021
1176,Rust,2022-01-01,0.5,2022
1177,Rust,2022-02-02,0.54,2022
1178,Rust,2022-03-02,0.51,2022
1179,Rust,2022-04-05,0.44,2022
1180,Rust,2022-05-03,0.39,2022
1181,Rust,2022-06-04,0.52,2022
1182,Rust,2022-07-02,0.42,2022
1183,Rust,2022-08-02,0.57,2022
1184,Rust,2022-09-01,0.51,2022
1185,Rust,2022-10-01,0.7,2022
1186,Rust,2022-11-01,0.75,2022
1187,Rust,2022-12-02,0.68,2022
1188,Rust,2022-12-29,0.61,2022
1189,Rust,2023-02-01,0.7,2023
1190,Rust,2023-03-02,0.73,2023
1191,Rust,2023-04-01,0.63,2023
1192,Rust,2023-05-02,0.82,2023
1193,Rust,2023-06-02,0.91,2023
1194,Rust,2023-07-02,0.89,2023
1195,Rust,2023-08-04,0.89,2023
1196,Rust,2023-09-02,0.97,2023
1197,Rust,2023-10-04,0.91,2023
1198,Rust,2023-11-02,0.91,2023
1199,Rust,2023-12-04,0.8,2023
1200,Rust,2024-01-02,0.79,2024
1201,Rust,2024-02-02,1.05,2024
1202,Rust,2024-03-01,1.03,2024
1203,Rust,2024-04-03,1.03,2024
1204,Rust,2024-05-01,0.93,2024
1205,Rust,2024-06-01,1.17,2024
1206,Rust,2024-07-03,1.18,2024
1207,Rust,2024-08-01,1.28,2024
1208,Rust,2024-09-01,1.32,2024
1209,Rust,2024-10-02,1.45,2024
1210,Rust,2024-11-01,1.17,2024
1211,Rust,2024-12-01,1.29,2024
1212,Rust,2025-01-01,1.16,2025
1213,Rust,2025-02-01,1.47,2025
1214,Rust,2025-03-03,1.23,2025
1215,Rust,2025-04-01,0.96,2025
1216,Rust,2025-05-02,0.94,2025
1217,Rust,2025-06-01,0.97,2025
1218,Rust,2025-07-02,1.01,2025
1219,Rust,2025-08-02,1.13,2025
1220,Rust,2025-09-02,1.01,2025
1221,Rust,2025-10-02,1.19,2025
1222,Rust,2025-11-01,1.39,2025
1223,Rust,2025-12-02,1.3,2025
1224,Scratch,2020-01-05,0.49,2020
1225,Scratch,2020-02-04,0.53,2020
1226,Scratch,2020-03-04,0.69,2020
1227,Scratch,2020-04-02,0.77,2020
1228,Scratch,2020-05-02,0.83,2020
1229,Scratch,2020-06-01,0.73,2020
1230,Scratch,2020-07-04,0.72,2020
1231,Scratch,2020-08-02,0.65,2020
1232,Scratch,2020-09-06,0.73,2020
1233,Scratch,2020-10-04,0.71,2020
1234,Scratch,2020-11-03,0.63,2020
1235,Scratch,2020-12-03,0.67,2020
1236,Scratch,2021-01-02,0.71,2021
1237,Scratch,2021-02-06,0.82,2021
1238,Scratch,2021-03-04,0.78,2021
1239,Scratch,2021-04-04,0.68,2021
1240,Scratch,2021-05-02,0.75,2021
1241,Scratch,2021-06-05,0.71,2021
1242,Scratch,2021-07-04,0.69,2021
1243,Scratch,2021-08-03,0.55,2021
1244,Scratch,2021-09-11,0.75,2021
1245,Scratch,2021-10-06,0.69,2021
1246,Scratch,2021-11-06,0.77,2021
1247,Scratch,2021-12-05,0.6,2021
1248,Scratch,2022-01-01,0.59,2022
1249,Scratch,2022-02-02,0.64,2022
1250,Scratch,2022-03-02,0.53,2022
1251,Scratch,2022-04-05,0.66,2022
1252,Scratch,2022-05-03,0.65,2022
1253,Scratch,2022-06-04,0.6,2022
1254,Scratch,2022-07-02,0.72,2022
1255,Scratch,2022-08-02,0.59,2022
1256,Scratch,2022-09-01,0.57,2022
1257,Scratch,2022-10-01,0.67,2022
1258,Scratch,2022-11-01,0.88,2022
1259,Scratch,2022-12-02,0.67,2022
1260,Scratch,2022-12-29,0.58,2022
1261,Scratch,2023-02-01,0.76,2023
1262,Scratch,2023-03-02,1.0,2023
1263,Scratch,2023-04-01,0.79,2023
1264,Scratch,2023-05-02,0.95,2023
1265,Scratch,2023-06-02,1.02,2023
1266,Scratch,2023-07-02,1.07,2023
1267,Scratch,2023-08-04,1.22,2023
1268,Scratch,2023-09-02,1.08,2023
1269,Scratch,2023-10-04,1.37,2023
1270,Scratch,2023-11-02,1.31,2023
1271,Scratch,2023-12-04,1.08,2023
1272,Scratch,2024-01-02,1.44,2024
1273,Scratch,2024-02-02,1.18,2024
1274,Scratch,2024-03-01,1.46,2024
1275,Scratch,2024-04-03,1.14,2024
1276,Scratch,2024-05-01,0.93,2024
1277,Scratch,2024-06-01,1.17,2024
1278,Scratch,2024-07-03,1.15,2024
1279,Scratch,2024-08-01,1.09,2024
1280,Scratch,2024-09-01,1.11,2024
1281,Scratch,2024-10-02,1.41,2024
1282,Scratch,2024-11-01,1.11,2024
1283,Scratch,2024-12-01,1.33,2024
1284,Scratch,2025-01-01,1.55,2025
1285,Scratch,2025-02-01,1.54,2025
1286,Scratch,2025-03-03,1.66,2025
1287,Scratch,2025-04-01,1.35,2025
1288,Scratch,2025-05-02,1.35,2025
1289,Scratch,2025-06-01,1.19,2025
1290,Scratch,2025-07-02,1.06,2025
1291,Scratch,2025-08-02,1.15,2025
1292,Scratch,2025-09-02,1.18,2025
1293,Scratch,2025-10-02,1.15,2025
1294,Scratch,2025-11-01,1.02,2025
1295,Scratch,2025-12-02,1.11,2025
1296,Assembly,2020-01-05,0.88,2020
1297,Assembly,2020-02-04,1.11,2020
1298,Assembly,2020-03-04,1.25,2020
1299,Assembly,2020-04-02,1.16,2020
1300,Assembly,2020-05-02,1.12,2020
1301,Assembly,2020-06-01,0.97,2020
1302,Assembly,2020-07-04,0.94,2020
1303,Assembly,2020-08-02,1.04,2020
1304,Assembly,2020-09-06,1.3,2020
1305,Assembly,2020-10-04,1.08,2020
1306,Assembly,2020-11-03,1.17,2020
1307,Assembly,2020-12-03,1.35,2020
1308,Assembly,2021-01-02,1.64,2021
1309,Assembly,2021-02-06,1.65,2021
1310,Assembly,2021-03-04,1.97,2021
1311,Assembly,2021-04-04,2.32,2021
1312,Assembly,2021-05-02,2.43,2021
1313,Assembly,2021-06-05,2.05,2021
1314,Assembly,2021-07-04,2.4,2021
1315,Assembly,2021-08-03,2.03,2021
1316,Assembly,2021-09-11,2.42,2021
1317,Assembly,2021-10-06,2.06,2021
1318,Assembly,2021-11-06,2.52,2021
1319,Assembly,2021-12-05,2.25,2021
1320,Assembly,2022-01-01,1.85,2022
1321,Assembly,2022-02-02,1.6,2022
1322,Assembly,2022-03-02,1.9,2022
1323,Assembly,2022-04-05,2.35,2022
1324,Assembly,2022-05-03,1.92,2022
1325,Assembly,2022-06-04,1.85,2022
1326,Assembly,2022-07-02,1.65,2022
1327,Assembly,2022-08-02,2.75,2022
1328,Assembly,2022-09-01,2.49,2022
1329,Assembly,2022-10-01,2.39,2022
1330,Assembly,2022-11-01,2.18,2022
1331,Assembly,2022-12-02,1.87,2022
1332,Assembly,2022-12-29,1.6,2022
1333,Assembly,2023-02-01,1.38,2023
1334,Assembly,2023-03-02,1.11,2023
1335,Assembly,2023-04-01,1.03,2023
1336,Assembly,2023-05-02,1.2,2023
1337,Assembly,2023-06-02,1.29,2023
1338,Assembly,2023-07-02,1.01,2023
1339,Assembly,2023-08-04,1.34,2023
1340,Assembly,2023-09-02,1.53,2023
1341,Assembly,2023-10-04,1.64,2023
1342,Assembly,2023-11-02,1.35,2023
1343,Assembly,2023-12-04,1.11,2023
1344,Assembly,2024-01-02,0.92,2024
1345,Assembly,2024-02-02,1.19,2024
1346,Assembly,2024-03-01,1.39,2024
1347,Assembly,2024-04-03,1.3,2024
1348,Assembly,2024-05-01,1.07,2024
1349,Assembly,2024-06-01,1.26,2024
1350,Assembly,2024-07-03,1.11,2024
1351,Assembly,2024-08-01,1.21,2024
1352,Assembly,2024-09-01,0.99,2024
1353,Assembly,2024-10-02,1.13,2024
1354,Assembly,2024-11-01,0.97,2024
1355,Assembly,2024-12-01,1.04,2024
1356,Assembly,2025-01-01,1.01,2025
1357,Assembly,2025-02-01,0.95,2025
1358,Assembly,2025-03-03,0.87,2025
1359,Assembly,2025-04-01,0.97,2025
1360,Assembly,2025-05-02,0.97,2025
1361,Assembly,2025-06-01,0.91,2025
1362,Assembly,2025-07-02,0.94,2025
1363,Assembly,2025-08-02,1.03,2025
1364,Assembly,2025-09-02,1.04,2025
1365,Assembly,2025-10-02,1.2,2025
1366,Assembly,2025-11-01,1.16,2025
1367,Assembly,2025-12-02,1.04,2025
1368,Kotlin,2020-01-05,0.29,2020
1369,Kotlin,2020-02-04,0.27,2020
1370,Kotlin,2020-03-04,0.35,2020
1371,Kotlin,2020-04-02,0.41,2020
1372,Kotlin,2020-05-02,0.57,2020
1373,Kotlin,2020-06-01,0.45,2020
1374,Kotlin,2020-07-04,0.54,2020
1375,Kotlin,2020-08-02,0.49,2020
1376,Kotlin,2020-09-06,0.41,2020
1377,Kotlin,2020-10-04,0.39,2020
1378,Kotlin,2020-11-03,0.38,2020
1379,Kotlin,2020-12-03,0.32,2020
1380,Kotlin,2021-01-02,0.34,2021
1381,Kotlin,2021-02-06,0.32,2021
1382,Kotlin,2021-03-04,0.46,2021
1383,Kotlin,2021-04-04,0.32,2021
1384,Kotlin,2021-05-02,0.36,2021
1385,Kotlin,2021-06-05,0.37,2021
1386,Kotlin,2021-07-04,0.32,2021
1387,Kotlin,2021-08-03,0.3,2021
1388,Kotlin,2021-09-11,0.34,2021
1389,Kotlin,2021-10-06,0.38,2021
1390,Kotlin,2021-11-06,0.4,2021
1391,Kotlin,2021-12-05,0.57,2021
1392,Kotlin,2022-01-01,0.37,2022
1393,Kotlin,2022-02-02,0.41,2022
1394,Kotlin,2022-03-02,0.38,2022
1395,Kotlin,2022-04-05,0.47,2022
1396,Kotlin,2022-05-03,0.39,2022
1397,Kotlin,2022-06-04,0.44,2022
1398,Kotlin,2022-07-02,0.28,2022
1399,Kotlin,2022-08-02,0.41,2022
1400,Kotlin,2022-09-01,0.31,2022
1401,Kotlin,2022-10-01,0.43,2022
1402,Kotlin,2022-11-01,0.47,2022
1403,Kotlin,2022-12-02,0.58,2022
1404,Kotlin,2022-12-29,0.48,2022
1405,Kotlin,2023-02-01,0.31,2023
1406,Kotlin,2023-03-02,0.27,2023
1407,Kotlin,2023-04-01,0.25,2023
1408,Kotlin,2023-05-02,0.37,2023
1409,Kotlin,2023-06-02,0.52,2023
1410,Kotlin,2023-07-02,0.7,2023
1411,Kotlin,2023-08-04,0.69,2023
1412,Kotlin,2023-09-02,0.9,2023
1413,Kotlin,2023-10-04,0.96,2023
1414,Kotlin,2023-11-02,1.15,2023
1415,Kotlin,2023-12-04,0.92,2023
1416,Kotlin,2024-01-02,0.85,2024
1417,Kotlin,2024-02-02,1.07,2024
1418,Kotlin,2024-03-01,0.95,2024
1419,Kotlin,2024-04-03,1.05,2024
1420,Kotlin,2024-05-01,0.89,2024
1421,Kotlin,2024-06-01,1.01,2024
1422,Kotlin,2024-07-03,1.05,2024
1423,Kotlin,2024-08-01,1.13,2024
1424,Kotlin,2024-09-01,1.1,2024
1425,Kotlin,2024-10-02,0.97,2024
1426,Kotlin,2024-11-01,0.92,2024
1427,Kotlin,2024-12-01,0.82,2024
1428,Kotlin,2025-01-01,0.74,2025
1429,Kotlin,2025-02-01,0.76,2025
1430,Kotlin,2025-03-03,0.85,2025
1431,Kotlin,2025-04-01,0.74,2025
1432,Kotlin,2025-05-02,0.72,2025
1433,Kotlin,2025-06-01,0.75,2025
1434,Kotlin,2025-07-02,0.9,2025
1435,Kotlin,2025-08-02,1.1,2025
1436,Kotlin,2025-09-02,0.95,2025
1437,Kotlin,2025-10-02,0.98,2025
1438,Kotlin,2025-11-01,0.98,2025
1439,Kotlin,2025-12-02,0.92,2025
